{
  "dataset_source": "WIDER FACE Dataset",
  "images_evaluated": 20,
  "method_comparison": {
    "ensemble": {
      "precision": 0.4491666666666666,
      "recall": 0.5345238095238095,
      "f1": 0.4447222222222222,
      "avg_time": 2.4737807393074034,
      "images_processed": 20
    },
    "mediapipe_only": {
      "precision": 0.45499999999999996,
      "recall": 0.6809523809523809,
      "f1": 0.4977777777777776,
      "avg_time": 0.043062019348144534,
      "images_processed": 20
    },
    "haar_only": {
      "precision": 0.65,
      "recall": 0.5428571428571428,
      "f1": 0.5604906204906205,
      "avg_time": 0.11645560264587403,
      "images_processed": 20
    },
    "face_recognition_only": {
      "precision": 0.7,
      "recall": 0.6119047619047618,
      "f1": 0.6413636363636364,
      "avg_time": 0.4877277374267578,
      "images_processed": 20
    }
  },
  "hardware": {
    "platform": "Windows-11-10.0.26100-SP0",
    "processor": "Intel64 Family 6 Model 170 Stepping 4, GenuineIntel",
    "memory_gb": 31.61,
    "cpu_cores": 16,
    "cpu_threads": 22
  },
  "ablation_studies": {
    "mp_conf_": {
      "mp_conf_0.1": {
        "precision": 0.5161904761904762,
        "recall": 0.4624404761904762,
        "f1": 0.4547727272727273
      },
      "mp_conf_0.3": {
        "precision": 0.5161904761904762,
        "recall": 0.4624404761904762,
        "f1": 0.4547727272727273
      },
      "mp_conf_0.5": {
        "precision": 0.5161904761904762,
        "recall": 0.4624404761904762,
        "f1": 0.4547727272727273
      },
      "mp_conf_0.7": {
        "precision": 0.5161904761904762,
        "recall": 0.4624404761904762,
        "f1": 0.4547727272727273
      },
      "mp_conf_0.9": {
        "precision": 0.5161904761904762,
        "recall": 0.4624404761904762,
        "f1": 0.4547727272727273
      }
    },
    "haar_neighbors_": {
      "haar_neighbors_3": {
        "precision": 0.4636904761904762,
        "recall": 0.4624404761904762,
        "f1": 0.41387529137529133
      },
      "haar_neighbors_4": {
        "precision": 0.5161904761904762,
        "recall": 0.4624404761904762,
        "f1": 0.4547727272727273
      },
      "haar_neighbors_5": {
        "precision": 0.5161904761904762,
        "recall": 0.4624404761904762,
        "f1": 0.4547727272727273
      },
      "haar_neighbors_6": {
        "precision": 0.5161904761904762,
        "recall": 0.4624404761904762,
        "f1": 0.4547727272727273
      },
      "haar_neighbors_7": {
        "precision": 0.5161904761904762,
        "recall": 0.44577380952380957,
        "f1": 0.4447727272727272
      },
      "haar_neighbors_8": {
        "precision": 0.5378571428571429,
        "recall": 0.44577380952380957,
        "f1": 0.4574999999999999
      }
    },
    "nms_": {
      "nms_0.3": {
        "precision": 0.5161904761904762,
        "recall": 0.4624404761904762,
        "f1": 0.4547727272727273
      },
      "nms_0.4": {
        "precision": 0.5161904761904762,
        "recall": 0.4624404761904762,
        "f1": 0.4547727272727273
      },
      "nms_0.5": {
        "precision": 0.5161904761904762,
        "recall": 0.4624404761904762,
        "f1": 0.4547727272727273
      },
      "nms_0.6": {
        "precision": 0.5161904761904762,
        "recall": 0.4624404761904762,
        "f1": 0.4547727272727273
      },
      "nms_0.7": {
        "precision": 0.5161904761904762,
        "recall": 0.4624404761904762,
        "f1": 0.4547727272727273
      }
    }
  }
}