{
  "dataset_source": "WIDER FACE Dataset",
  "images_evaluated": 20,
  "method_comparison": {
    "ensemble": {
      "precision": 0.5248160173160173,
      "recall": 0.3929866522366523,
      "f1": 0.42158831908831906,
      "avg_time": 1.9325693368911743,
      "images_processed": 20
    },
    "mediapipe_only": {
      "precision": 0.5669047619047618,
      "recall": 0.2116645021645022,
      "f1": 0.24414668664668665,
      "avg_time": 0.04301496744155884,
      "images_processed": 20
    },
    "haar_only": {
      "precision": 0.43499999999999994,
      "recall": 0.28825396825396826,
      "f1": 0.32283839349056737,
      "avg_time": 0.10335414409637451,
      "images_processed": 20
    },
    "face_recognition_only": {
      "precision": 0.65,
      "recall": 0.3643235930735931,
      "f1": 0.42947619047619046,
      "avg_time": 0.3355387806892395,
      "images_processed": 20
    }
  },
  "hardware": {
    "platform": "Windows-11-10.0.26100-SP0",
    "processor": "Intel64 Family 6 Model 170 Stepping 4, GenuineIntel",
    "memory_gb": 31.61,
    "cpu_cores": 16,
    "cpu_threads": 22
  },
  "ablation_studies": {
    "mp_conf_": {
      "mp_conf_0.1": {
        "precision": 0.5569392230576441,
        "recall": 0.38583333333333336,
        "f1": 0.4239851556712022
      },
      "mp_conf_0.3": {
        "precision": 0.5569392230576441,
        "recall": 0.38583333333333336,
        "f1": 0.4239851556712022
      },
      "mp_conf_0.5": {
        "precision": 0.5569392230576441,
        "recall": 0.38583333333333336,
        "f1": 0.4239851556712022
      },
      "mp_conf_0.7": {
        "precision": 0.5569392230576441,
        "recall": 0.38583333333333336,
        "f1": 0.4239851556712022
      },
      "mp_conf_0.9": {
        "precision": 0.5569392230576441,
        "recall": 0.38583333333333336,
        "f1": 0.4239851556712022
      }
    },
    "haar_neighbors_": {
      "haar_neighbors_3": {
        "precision": 0.5224404761904762,
        "recall": 0.38125,
        "f1": 0.4036212121212121
      },
      "haar_neighbors_4": {
        "precision": 0.5361309523809524,
        "recall": 0.38583333333333336,
        "f1": 0.41364219114219114
      },
      "haar_neighbors_5": {
        "precision": 0.5569392230576441,
        "recall": 0.38583333333333336,
        "f1": 0.4239851556712022
      },
      "haar_neighbors_6": {
        "precision": 0.5777579365079365,
        "recall": 0.3883333333333333,
        "f1": 0.43071217671217676
      },
      "haar_neighbors_7": {
        "precision": 0.6197222222222222,
        "recall": 0.38583333333333336,
        "f1": 0.43531535131535126
      },
      "haar_neighbors_8": {
        "precision": 0.6152579365079365,
        "recall": 0.37777777777777777,
        "f1": 0.4211293923467837
      }
    },
    "nms_": {
      "nms_0.3": {
        "precision": 0.5569392230576441,
        "recall": 0.38583333333333336,
        "f1": 0.4239851556712022
      },
      "nms_0.4": {
        "precision": 0.5569392230576441,
        "recall": 0.38583333333333336,
        "f1": 0.4239851556712022
      },
      "nms_0.5": {
        "precision": 0.5569392230576441,
        "recall": 0.38583333333333336,
        "f1": 0.4239851556712022
      },
      "nms_0.6": {
        "precision": 0.5569392230576441,
        "recall": 0.38583333333333336,
        "f1": 0.4239851556712022
      },
      "nms_0.7": {
        "precision": 0.5569392230576441,
        "recall": 0.38583333333333336,
        "f1": 0.4239851556712022
      }
    }
  }
}